{
    "loss": 6.136171817779541,
    "accuracy": 0.5467625856399536
}